Model,Model_Type,TN,FP,FN,TP,Accuracy,Sensitivity,Specificity,Precision,NPV,F1_Score
LogisticRegression,Traditional_ML,75,14,16,103,0.8558,0.8655,0.8427,0.8803,0.8242,0.8729
RandomForest,Traditional_ML,77,12,13,106,0.8798,0.8908,0.8652,0.8983,0.8556,0.8945
GBT,Traditional_ML,83,6,4,115,0.9519,0.9664,0.9326,0.9504,0.9540,0.9583
MLP_Neural_Network,Traditional_ML,75,14,12,107,0.8750,0.8992,0.8427,0.8843,0.8621,0.8917
MLP_Shallow,Deep_Learning,75,14,12,107,0.8750,0.8992,0.8427,0.8843,0.8621,0.8917
MLP_Medium,Deep_Learning,83,6,5,114,0.9471,0.9580,0.9326,0.9500,0.9432,0.9540
MLP_Deep,Deep_Learning,76,13,2,117,0.9279,0.9832,0.8539,0.9000,0.9744,0.9398
MLP_Wide,Deep_Learning,81,8,1,118,0.9567,0.9916,0.9101,0.9365,0.9878,0.9633
MLP_VeryDeep,Deep_Learning,81,8,7,112,0.9279,0.9412,0.9101,0.9333,0.9205,0.9372
